{
    "languages": [
        {
            "language": "af",
            "name": "Afrikaans"
        },
        {
            "language": "ar",
            "name": "Arabic"
        },
        {
            "language": "az",
            "name": "Azerbaijani"
        },
        {
            "language": "be",
            "name": "Belarusian"
        },
        {
            "language": "bg",
            "name": "Bulgarian"
        },
        {
            "language": "bn",
            "name": "Bengali"
        },
        {
            "language": "ca",
            "name": "Catalan"
        },
        {
            "language": "cs",
            "name": "Czech"
        },
        {
            "language": "cy",
            "name": "Welsh"
        },
        {
            "language": "da",
            "name": "Danish"
        },
        {
            "language": "de",
            "name": "German"
        },
        {
            "language": "el",
            "name": "Greek"
        },
        {
            "language": "es",
            "name": "Spanish"
        },
        {
            "language": "et",
            "name": "Estonian"
        },
        {
            "language": "eu",
            "name": "Basque"
        },
        {
            "language": "fa",
            "name": "Persian"
        },
        {
            "language": "fi",
            "name": "Finnish"
        },
        {
            "language": "fr",
            "name": "French"
        },
        {
            "language": "gu",
            "name": "Gujarati"
        },
        {
            "language": "he",
            "name": "Hebrew"
        },
        {
            "language": "hi",
            "name": "Hindi"
        },
        {
            "language": "hr",
            "name": "Croatian"
        },
        {
            "language": "hu",
            "name": "Hungarian"
        },
        {
            "language": "hy",
            "name": "Armenian"
        },
        {
            "language": "is",
            "name": "Icelandic"
        },
        {
            "language": "it",
            "name": "Italian"
        },
        {
            "language": "ja",
            "name": "Japanese"
        },
        {
            "language": "ka",
            "name": "Georgian"
        },
        {
            "language": "kk",
            "name": "Kazakh"
        },
        {
            "language": "ko",
            "name": "Korean"
        },
        {
            "language": "ku",
            "name": "Kurdish"
        },
        {
            "language": "lo",
            "name": "Lao"
        },
        {
            "language": "lt",
            "name": "Lithuanian"
        },
        {
            "language": "lv",
            "name": "Latvian"
        },
        {
            "language": "ml",
            "name": "Malayalam"
        },
        {
            "language": "mn",
            "name": "Mongolian"
        },
        {
            "language": "mr",
            "name": "Marathi"
        },
        {
            "language": "ms",
            "name": "Malay"
        },
        {
            "language": "mt",
            "name": "Maltese"
        },
        {
            "language": "my",
            "name": "Burmese"
        },
        {
            "language": "nb",
            "name": "Norwegian Bokmal"
        },
        {
            "language": "ne",
            "name": "Nepali"
        },
        {
            "language": "nl",
            "name": "Dutch"
        },
        {
            "language": "nn",
            "name": "Norwegian Nynorsk"
        },
        {
            "language": "pa",
            "name": "Punjabi"
        },
        {
            "language": "pa-PK",
            "name": "Punjabi (Shahmukhi script, Pakistan)"
        },
        {
            "language": "pl",
            "name": "Polish"
        },
        {
            "language": "pt",
            "name": "Portuguese"
        },
        {
            "language": "ro",
            "name": "Romanian"
        },
        {
            "language": "ru",
            "name": "Russian"
        },
        {
            "language": "sl",
            "name": "Slovenian"
        },
        {
            "language": "so",
            "name": "Somali"
        },
        {
            "language": "sq",
            "name": "Albanian"
        },
        {
            "language": "sr",
            "name": "Serbian"
        },
        {
            "language": "sv",
            "name": "Swedish"
        },
        {
            "language": "ta",
            "name": "Tamil"
        },
        {
            "language": "te",
            "name": "Telugu"
        },
        {
            "language": "th",
            "name": "Thai"
        },
        {
            "language": "tl",
            "name": "Tagalog"
        },
        {
            "language": "tr",
            "name": "Turkish"
        },
        {
            "language": "uk",
            "name": "Ukrainian"
        },
        {
            "language": "ur",
            "name": "Urdu"
        },
        {
            "language": "vi",
            "name": "Vietnamese"
        },
        {
            "language": "zh",
            "name": "Chinese"
        }
    ]
}